"""NombreCompleto"",""identificacion"",""Banco"",""TipoCuentaBancaria"",""NumeroCuentaBancaria"",""BancoNombre"",""Creado"""
",""QUISHPE MENA ALEX EDUARDO"",""1003203419"",""10"",""AHORROS"",""4536992200"",""PICHINCHA"",""14/08/2026 06:36"""
",""VILLAREAL ORTEGA JAIRO ROMEL"",""0400990032"",""17"",""AHORROS"",""0037794584"",""GUAYAQUIL"",""14/08/2026 06:37"""
",""QUINAPALLO AGUINDA JHONATAN GONZALO"",""1500598014"",""10"",""AHORROS"",""2202881977"",""PICHINCHA"",""14/08/2026 06:38"""
",""SOBERON BRAVO JUAN ELICEO"",""2250044803"",""17"",""AHORROS"",""0060492179"",""GUAYAQUIL"",""14/08/2026 06:41"""
",""GUALPA LLANGO JEFFERSON FABRICIO"",""0550292759"",""10"",""AHORROS"",""2209708490"",""PICHINCHA"",""14/08/2026 06:42"""
",""YANGUA VALLADOLID MARCO ANTONIO"",""0706466885"",""10"",""AHORROS"",""2207490700"",""PICHINCHA"",""14/08/2026 06:42"""
",""MELO CERON MARCOS GEOVANNY"",""1719617613"",""10"",""AHORROS"",""2209978229"",""PICHINCHA"",""14/08/2026 06:43"""
",""ALDAS CABREJO LIZANDRO DAVID"",""1204490260"",""10"",""AHORROS"",""4592098700"",""PICHINCHA"",""14/08/2026 06:43"""
",""VELEZ CORDOVA PABLO ENRIQUE"",""1313179390"",""10"",""AHORROS"",""2200947616"",""PICHINCHA"",""14/08/2026 06:44"""
",""RODRIGUEZ CRUZ CHRISTIAN EDUARDO"",""0919054395"",""10"",""AHORROS"",""2214160679"",""PICHINCHA"",""14/08/2026 06:44"""
",""VILLAMAR BAIDAL ROBERT MARCELO"",""0956319693"",""10"",""AHORROS"",""2205559707"",""PICHINCHA"",""14/08/2026 06:45"""
",""ANCHUNDIA FUENTES LEONOR LILIANA"",""1311408882"",""17"",""AHORROS"",""0013554026"",""GUAYAQUIL"",""14/08/2026 06:47"""
",""BRAVO ANCHUNDIA JAIME FABRICIO"",""2400236788"",""17"",""AHORROS"",""0046169743"",""GUAYAQUIL"",""14/08/2026 06:47"""
",""TOMALA LIMON ALEX EFREN"",""0918176660"",""10"",""AHORROS"",""2208518953"",""PICHINCHA"",""14/08/2026 06:48"""
",""ARTEAGA SANTISTEVAN CARLOS ALBERTO"",""2400269367"",""10"",""AHORROS"",""2205483069"",""PICHINCHA"",""14/08/2026 06:48"""
",""RODRIGUEZ HERNANDEZ JUAN DAVID"",""2400294845"",""10"",""AHORROS"",""2201641402"",""PICHINCHA"",""14/08/2026 06:48"""
",""VICTOR RODRIGUEZ ROBERTO FIDEL"",""0917642209"",""17"",""AHORROS"",""0125053790"",""GUAYAQUIL"",""14/08/2026 06:49"""
",""VICTOR RODRIGUEZ NELSON ENRIQUE"",""0909204497"",""17"",""AHORROS"",""0137415124"",""GUAYAQUIL"",""14/08/2026 06:50"""
",""MORALES PILLIGUA RICARDO NICOLAS"",""2450609132"",""10"",""AHORROS"",""2216252129"",""PICHINCHA"",""14/08/2026 06:50"""
",""FIGUEROA PITA FELIPE MOISES"",""0914095625"",""10"",""AHORROS"",""2200507906"",""PICHINCHA"",""14/08/2026 06:51"""
",""OROZCO PERERO ELIAN OSWALDO"",""2400148835"",""17"",""AHORROS"",""0052011715"",""GUAYAQUIL"",""14/08/2026 06:52"""
",""OROZCO PERERO EKER RENATO"",""2450895061"",""10"",""AHORROS"",""2214523393"",""PICHINCHA"",""14/08/2026 06:52"""
",""VALERO CRUZ ELVIS JAVIER"",""0922866371"",""17"",""AHORROS"",""0013339053"",""GUAYAQUIL"",""14/08/2026 06:53"""
",""ROSALES CATUTO ANGEL DAMIAN"",""2400236630"",""10"",""AHORROS"",""2214995097"",""PICHINCHA"",""14/08/2026 06:53"""
",""VILLON FLORES ERICK GERMAN"",""2450462755"",""17"",""AHORROS"",""0023508554"",""GUAYAQUIL"",""14/08/2026 07:05"""
",""VICTOR RODRIGUEZ EDISON JACINTO"",""0921615563"",""17"",""AHORROS"",""0132767731"",""GUAYAQUIL"",""14/08/2026 07:06"""
",""SUAREZ MUÑOZ EDER JOEL"",""2400288995"",""17"",""AHORROS"",""0015582167"",""GUAYAQUIL"",""14/08/2026 07:07"""
",""MUÑOZ MENENDEZ JOSE ALFREDO"",""0920073863"",""10"",""AHORROS"",""5108310400"",""PICHINCHA"",""14/08/2026 07:08"""
",""LUNA OJEDA RICARDO MAXIMILIANO"",""0803080993"",""10"",""AHORROS"",""2200509737"",""PICHINCHA"",""14/08/2026 07:08"""
",""VEGA IMACAÑA KEVIN DARIO"",""2450096355"",""17"",""AHORROS"",""0137549120"",""GUAYAQUIL"",""14/08/2026 07:09"""
",""RISSO MURILLO CARLOS JULIO"",""1307211209"",""10"",""AHORROS"",""2200244618"",""PICHINCHA"",""14/08/2026 07:10"""
",""BONILLA SANTANA JULIO ALEXANDER"",""0943192674"",""17"",""AHORROS"",""0033102466"",""GUAYAQUIL"",""14/08/2026 07:10"""
",""MARCILLO ROBLES CARLOS ALEJANDRO"",""0955030895"",""10"",""AHORROS"",""2211194581"",""PICHINCHA"",""14/08/2026 07:11"""
",""CAMACHO QUIÑONEZ RUTH MARIA"",""0944155886"",""17"",""AHORROS"",""0048020806"",""GUAYAQUIL"",""14/08/2026 07:12"""
",""FLORES ZAMORA RICARDO ALEXANDER"",""0926936576"",""17"",""AHORROS"",""0051146217"",""GUAYAQUIL"",""14/08/2026 07:13"""
",""ALVARADO BARZOLA RUBEN JERRY"",""0951315464"",""17"",""AHORROS"",""0020105008"",""GUAYAQUIL"",""14/08/2026 07:13"""
",""LITARDO MOREIRA RONNY FREDDY"",""0956285829"",""36"",""AHORROS"",""20003027153"",""PRODUBANCO"",""14/08/2026 07:14"""
",""VINCES AVILA ANDY BRYAN"",""0951865021"",""10"",""AHORROS"",""2207490812"",""PICHINCHA"",""14/08/2026 07:15"""
",""MOYANO PEÑAFIEL LUIS DAVID"",""2100679089"",""10"",""AHORROS"",""2203881588"",""PICHINCHA"",""14/08/2026 07:16"""
",""SUAREZ TOAPANTA JIMMY ANTONIO"",""1250403399"",""10"",""AHORROS"",""2210444967"",""PICHINCHA"",""14/08/2026 07:17"""
",""PEREZ ZAMBRANO JONATHAN PAUL"",""1317153995"",""10"",""AHORROS"",""2208239335"",""PICHINCHA"",""14/08/2026 07:18"""
",""ROBAYO VIVANCO HECTOR DAVID"",""1752415222"",""10"",""AHORROS"",""2206621833"",""PICHINCHA"",""14/08/2026 07:18"""
",""RUIZ RENGEL JULIO CESAR"",""0920387644"",""17"",""AHORROS"",""0054754715"",""GUAYAQUIL"",""18/08/2026 10:00"""
",""SAN LUCAS JIMENEZ JOEL HORACIO"",""0958294787"",""36"",""AHORROS"",""20001065945"",""PRODUBANCO"",""18/08/2026 10:08"""
",""CAMPUZANO FIALLOS SAULO JOSUE"",""0959249244"",""17"",""AHORROS"",""0002887334"",""GUAYAQUIL"",""18/08/2026 10:09"""
",""SEGURA VITERI WALTER ADALBERTO"",""0958724551"",""17"",""AHORROS"",""0034874837"",""GUAYAQUIL"",""18/08/2026 10:10"""
",""ESPIN JACOME PAWER GEOVANNY"",""0913057022"",""17"",""AHORROS"",""0050190620"",""GUAYAQUIL"",""18/08/2026 10:10"""
",""NAVARRETE LANDANZURI GEOVANNY DANIEL"",""0922179817"",""36"",""AHORROS"",""20005577665"",""PRODUBANCO"",""18/08/2026 10:10"""
",""PEREIRA RONQUILLO DYLAN BRYTON"",""0932571367"",""10"",""AHORROS"",""2208114593"",""PICHINCHA"",""18/08/2026 10:11"""
",""CUADRA RODRIGUEZ JUAN GABRIEL"",""0980159392"",""36"",""AHORROS"",""20009300412"",""PRODUBANCO"",""18/08/2026 10:14"""
",""MOGOLLON TIPAN JONATHAN MAURICIO"",""0707252870"",""10"",""AHORROS"",""2204765880"",""PICHINCHA"",""18/08/2026 12:53"""
",""NIEBLA CHALEN CECILIA ANABEL"",""0706358652"",""10"",""AHORROS"",""2205905821"",""PICHINCHA"",""18/08/2026 12:53"""
",""QUEZADA UCHUARI EDWIN FERNANDO"",""0704465467"",""36"",""AHORROS"",""20002591081"",""PRODUBANCO"",""18/08/2026 12:54"""
",""MASCOTE YAVAR ANDRES ALFREDO"",""0703820761"",""10"",""AHORROS"",""6367415800"",""PICHINCHA"",""18/08/2026 12:54"""
",""VALDIVIEZO VELIZ CRISTOPHER JOSUE"",""0931331888"",""10"",""AHORROS"",""2213924351"",""PICHINCHA"",""18/08/2026 12:55"""
",""CORREA MORA FREDDY AAROM"",""0955461850"",""10"",""AHORROS"",""2213228375"",""PICHINCHA"",""18/08/2026 13:29"""
",""YAGUAL VALVERDE FELIX BERNABE"",""0958781908"",""17"",""AHORROS"",""0038962642"",""GUAYAQUIL"",""21/08/2026 12:50"""
",""PESANTEZ JADAN LUIS ANGEL"",""0706594066"",""10"",""AHORROS"",""2210270777"",""PICHINCHA"",""25/08/2026 14:20"""
",""GUILCAPI DUCHI SEGUNDO RAUL"",""0602680340"",""10"",""AHORROS"",""2206588377"",""PICHINCHA"",""25/08/2026 14:25"""
",""BALDA BERMUDEZ RAFAEL ALEJANDRO"",""1313761932"",""10"",""AHORROS"",""2206935284"",""PICHINCHA"",""28/08/2026 09:21"""
",""DIAZ VERA GIANCARLO"",""0940493257"",""36"",""AHORROS"",""12015232714"",""PRODUBANCO"",""04/09/2026 10:02"""
",""RAMIREZ SEGURA JOSE GREGORIO"",""0920720000"",""17"",""AHORROS"",""0128361704"",""GUAYAQUIL"",""11/09/2026 08:21"""
",""CHALEN CORREA MARIANA GEOVANNA"",""0703850628"",""10"",""AHORROS"",""2212487594"",""PICHINCHA"",""18/09/2026 09:08"""
",""GORDON YANCHA RICHARD ALONSO"",""1714402284"",""17"",""AHORROS"",""0054591891"",""GUAYAQUIL"",""22/09/2026 15:47"""
",""SUAREZ GALLARDO EDDISON ARIEL"",""1729166338"",""10"",""AHORROS"",""2207934309"",""PICHINCHA"",""22/09/2026 16:06"""
",""PERALTA NAVARRETE RODOLFO VALENTIN"",""0957711310"",""10"",""AHORROS"",""2208271929"",""PICHINCHA"",""25/09/2026 09:01"""
